DevEx_Dimension,Quote,Participant,Role,Tool,Impact,Rationale
Flow State,"It was a game changer",P1,Tech Lead,W,Positive,"The quote indicates a transformative impact on work routine, suggesting the tool enables uninterrupted and immersive coding sessions characteristic of flow state"
Flow State,"Truly disruptive to my routine",P9,Mid-level Dev,C,Positive,"Describes a significant positive change in daily workflow, indicating the tool facilitates entering and maintaining flow state during development"
Flow State,"...helps me stay organized",P1,Tech Lead,W,Positive,"Organization reduces context switching and mental overhead, which are key enablers of flow state in software development"
Flow State,"Accelerated learning curve",P5,Mid-level Dev,C,Positive,"Faster learning reduces cognitive barriers and frustration, enabling developers to reach flow state more quickly when working with new technologies"
Flow State,"Helps me code and solve ops",P3,Mid-level Dev,C,Positive,"The tool assists in both coding and operational tasks, reducing interruptions and enabling sustained focus on development activities"
Feedback Loops,"Same mistakes as senior dev",P8,Tech Lead,C,Neutral,"The AI agent mimics human error patterns, providing feedback similar to peer review but requiring the same vigilance as reviewing senior developer code"
Feedback Loops,"A great assistant",P2,CTO,C,Positive,"The tool provides rapid feedback and assistance during development, shortening the feedback loop between writing code and receiving guidance"
Cognitive Load,"Helps me become better",P1,Tech Lead,W,Positive,"Reduces germane cognitive load by offloading routine tasks, allowing developers to focus on higher-level learning and skill development"
Cognitive Load,"Crutch for shortcomings",P1,Tech Lead,W,Positive,"The tool compensates for knowledge gaps, reducing extraneous cognitive load when working outside areas of expertise"
Cognitive Load,"Review agent's work",P6,Tech Lead,C,Negative,"Introduces additional cognitive load as developers must carefully review AI-generated code for correctness and quality"
Cognitive Load,"Guide the agent",P2,CTO,C,Negative,"Requires mental effort to properly direct and prompt the AI agent, adding to the developer's cognitive burden"
Cognitive Load,"Steer the LLM Agent",P7,Specialist,C,Negative,"Similar to guiding, steering requires continuous cognitive engagement to keep the AI on track with desired outcomes"
Cognitive Load,"Increases productivity, but requires human review",P2,CTO,C,Neutral,"Mixed impact: reduces cognitive load through automation but adds review burden, resulting in a trade-off"
Cognitive Load,"...needs some adjusts on the generated code",P3,Mid-level Dev,C,Neutral,"Generated code requires refinement, indicating partial cognitive load reduction with residual effort needed for adjustments"
Cognitive Load,"Great for doc/Terraform",P4,Specialist,C,Positive,"Significantly reduces cognitive load for documentation and infrastructure-as-code tasks, which are often repetitive and well-defined"
